unit_id,doc_overall-truthfulness_value,doc_correctness_value
unit_1,1.0,1.0
unit_1,2.0,2.0
unit_1,2.0,0.0
unit_1,2.0,2.0
unit_1,0.0,0.0
unit_1,-1.0,-2.0
unit_1,-2.0,-2.0
unit_1,2.0,2.0
unit_1,0.0,0.0
unit_1,0.0,0.0
unit_1,-2.0,-2.0
unit_3,1.0,0.0
unit_3,1.0,0.0
unit_3,2.0,0.0
unit_3,1.0,0.0
unit_3,0.0,1.0
unit_3,-1.0,0.0
unit_3,1.0,0.0
unit_3,2.0,1.0
unit_3,2.0,1.0
unit_3,-1.0,0.0
unit_3,2.0,0.0
unit_5,2.0,2.0
unit_5,1.0,1.0
unit_5,2.0,1.0
unit_5,2.0,2.0
unit_5,1.0,1.0
unit_5,2.0,1.0
unit_5,2.0,1.0
unit_5,2.0,2.0
unit_5,2.0,2.0
unit_5,2.0,1.0
unit_5,2.0,2.0
unit_7,0.0,0.0
unit_7,0.0,-1.0
unit_7,0.0,-1.0
unit_7,0.0,0.0
unit_7,-2.0,-2.0
unit_7,-2.0,-1.0
unit_7,-2.0,-2.0
unit_7,0.0,0.0
unit_7,2.0,2.0
unit_7,0.0,0.0
unit_7,0.0,0.0
unit_9,0.0,0.0
unit_9,2.0,2.0
unit_9,2.0,2.0
unit_9,-1.0,-1.0
unit_9,-1.0,-2.0
unit_9,1.0,1.0
unit_9,0.0,0.0
unit_9,-2.0,-2.0
unit_9,0.0,0.0
unit_9,1.0,1.0
unit_9,0.0,0.0
unit_11,-1.0,-1.0
unit_11,-1.0,-1.0
unit_11,-2.0,-2.0
unit_11,-1.0,-1.0
unit_11,-2.0,-2.0
unit_11,1.0,1.0
unit_11,-2.0,-2.0
unit_11,-1.0,-1.0
unit_11,1.0,1.0
unit_11,-2.0,-2.0
unit_11,1.0,1.0
unit_13,-1.0,-2.0
unit_13,1.0,1.0
unit_13,1.0,0.0
unit_13,0.0,0.0
unit_13,2.0,2.0
unit_13,-2.0,-2.0
unit_13,0.0,-2.0
unit_13,-1.0,0.0
unit_13,0.0,1.0
unit_13,1.0,1.0
unit_13,1.0,1.0
unit_15,2.0,1.0
unit_15,-2.0,-2.0
unit_15,0.0,0.0
unit_15,0.0,1.0
unit_15,1.0,0.0
unit_15,-1.0,-1.0
unit_15,1.0,-1.0
unit_15,0.0,1.0
unit_15,0.0,1.0
unit_15,1.0,-1.0
unit_15,0.0,0.0
unit_17,2.0,2.0
unit_17,-2.0,-2.0
unit_17,2.0,2.0
unit_17,-2.0,-2.0
unit_17,1.0,1.0
unit_17,-2.0,-2.0
unit_17,1.0,1.0
unit_17,1.0,1.0
unit_17,2.0,2.0
unit_17,2.0,1.0
unit_17,1.0,1.0
unit_19,-2.0,-2.0
unit_19,0.0,0.0
unit_19,1.0,-1.0
unit_19,-2.0,-2.0
unit_19,-1.0,-2.0
unit_19,0.0,0.0
unit_19,-2.0,-2.0
unit_19,2.0,2.0
unit_19,1.0,1.0
unit_19,2.0,2.0
unit_19,2.0,2.0
unit_21,0.0,1.0
unit_21,1.0,0.0
unit_21,2.0,1.0
unit_21,0.0,-1.0
unit_21,0.0,0.0
unit_21,-2.0,-1.0
unit_21,1.0,0.0
unit_21,1.0,1.0
unit_21,-1.0,-1.0
unit_21,-1.0,-1.0
unit_21,2.0,2.0
unit_23,2.0,1.0
unit_23,2.0,2.0
unit_23,2.0,2.0
unit_23,1.0,2.0
unit_23,1.0,2.0
unit_23,1.0,2.0
unit_23,1.0,2.0
unit_23,1.0,1.0
unit_23,1.0,2.0
unit_23,1.0,2.0
unit_23,1.0,2.0
unit_25,0.0,-1.0
unit_25,-1.0,1.0
unit_25,-1.0,-1.0
unit_25,1.0,-1.0
unit_25,-1.0,1.0
unit_25,0.0,0.0
unit_25,-1.0,-1.0
unit_25,1.0,-1.0
unit_25,1.0,-1.0
unit_25,-1.0,0.0
unit_25,1.0,-1.0
unit_27,-2.0,-2.0
unit_27,1.0,2.0
unit_27,1.0,0.0
unit_27,2.0,1.0
unit_27,-1.0,0.0
unit_27,1.0,0.0
unit_27,2.0,1.0
unit_27,0.0,-1.0
unit_27,2.0,1.0
unit_27,2.0,1.0
unit_27,1.0,0.0
unit_29,1.0,2.0
unit_29,1.0,0.0
unit_29,0.0,-1.0
unit_29,2.0,-1.0
unit_29,-1.0,-1.0
unit_29,0.0,2.0
unit_29,-1.0,2.0
unit_29,0.0,0.0
unit_29,-1.0,1.0
unit_29,0.0,2.0
unit_29,1.0,-1.0
unit_31,1.0,0.0
unit_31,0.0,-1.0
unit_31,2.0,2.0
unit_31,1.0,0.0
unit_31,-1.0,1.0
unit_31,-1.0,-1.0
unit_31,-2.0,-2.0
unit_31,-2.0,-2.0
unit_31,1.0,1.0
unit_31,2.0,1.0
unit_31,1.0,1.0
unit_33,-2.0,-2.0
unit_33,-1.0,-1.0
unit_33,0.0,0.0
unit_33,-2.0,-2.0
unit_33,1.0,1.0
unit_33,-1.0,-1.0
unit_33,1.0,1.0
unit_33,-2.0,-2.0
unit_33,1.0,1.0
unit_33,1.0,0.0
unit_33,1.0,1.0
unit_35,-2.0,-2.0
unit_35,-2.0,-2.0
unit_35,-2.0,-1.0
unit_35,0.0,0.0
unit_35,1.0,0.0
unit_35,-2.0,-1.0
unit_35,-2.0,0.0
unit_35,1.0,1.0
unit_35,-1.0,-1.0
unit_35,1.0,1.0
unit_35,0.0,-1.0
unit_37,1.0,1.0
unit_37,1.0,0.0
unit_37,1.0,1.0
unit_37,2.0,2.0
unit_37,2.0,2.0
unit_37,1.0,1.0
unit_37,2.0,2.0
unit_37,2.0,2.0
unit_37,2.0,1.0
unit_37,2.0,1.0
unit_37,2.0,0.0
unit_39,-2.0,-2.0
unit_39,2.0,0.0
unit_39,2.0,2.0
unit_39,2.0,2.0
unit_39,0.0,0.0
unit_39,0.0,0.0
unit_39,0.0,0.0
unit_39,0.0,0.0
unit_39,2.0,2.0
unit_39,2.0,2.0
unit_39,0.0,0.0
unit_41,2.0,2.0
unit_41,1.0,1.0
unit_41,-2.0,-2.0
unit_41,-1.0,-1.0
unit_41,-2.0,-1.0
unit_41,2.0,2.0
unit_41,-2.0,-2.0
unit_41,2.0,2.0
unit_41,2.0,2.0
unit_41,-1.0,-1.0
unit_41,1.0,1.0
unit_43,1.0,1.0
unit_43,1.0,0.0
unit_43,0.0,0.0
unit_43,-2.0,-2.0
unit_43,-1.0,-1.0
unit_43,-1.0,-1.0
unit_43,2.0,1.0
unit_43,2.0,2.0
unit_43,1.0,1.0
unit_43,1.0,2.0
unit_43,0.0,1.0
unit_45,-1.0,-1.0
unit_45,-2.0,-2.0
unit_45,-1.0,-1.0
unit_45,1.0,1.0
unit_45,-1.0,-1.0
unit_45,1.0,1.0
unit_45,2.0,2.0
unit_45,-2.0,-2.0
unit_45,-1.0,-1.0
unit_45,-1.0,-1.0
unit_45,-1.0,-1.0
unit_47,2.0,2.0
unit_47,1.0,1.0
unit_47,1.0,1.0
unit_47,-2.0,-2.0
unit_47,1.0,0.0
unit_47,-2.0,-2.0
unit_47,1.0,-1.0
unit_47,1.0,0.0
unit_47,0.0,1.0
unit_47,-1.0,1.0
unit_47,0.0,1.0
unit_49,1.0,0.0
unit_49,-1.0,-1.0
unit_49,1.0,1.0
unit_49,0.0,-1.0
unit_49,2.0,2.0
unit_49,-2.0,-2.0
unit_49,2.0,1.0
unit_49,1.0,1.0
unit_49,1.0,1.0
unit_49,1.0,1.0
unit_49,1.0,1.0
unit_51,-1.0,0.0
unit_51,1.0,1.0
unit_51,1.0,1.0
unit_51,2.0,2.0
unit_51,0.0,-1.0
unit_51,-1.0,-1.0
unit_51,2.0,2.0
unit_51,-2.0,-2.0
unit_51,1.0,1.0
unit_51,2.0,2.0
unit_51,2.0,2.0
unit_53,1.0,2.0
unit_53,1.0,1.0
unit_53,1.0,0.0
unit_53,1.0,1.0
unit_53,2.0,1.0
unit_53,-2.0,-1.0
unit_53,2.0,2.0
unit_53,0.0,1.0
unit_53,-2.0,-1.0
unit_53,1.0,1.0
unit_53,2.0,1.0
unit_55,2.0,2.0
unit_55,0.0,0.0
unit_55,1.0,0.0
unit_55,0.0,0.0
unit_55,-1.0,-1.0
unit_55,-1.0,-2.0
unit_55,-2.0,-2.0
unit_55,0.0,1.0
unit_55,1.0,2.0
unit_55,-1.0,-2.0
unit_55,0.0,-1.0
unit_57,2.0,2.0
unit_57,0.0,0.0
unit_57,0.0,0.0
unit_57,1.0,1.0
unit_57,-1.0,-1.0
unit_57,0.0,0.0
unit_57,0.0,0.0
unit_57,1.0,0.0
unit_57,0.0,0.0
unit_57,0.0,0.0
unit_57,0.0,-1.0
unit_59,-2.0,-2.0
unit_59,1.0,1.0
unit_59,2.0,1.0
unit_59,-2.0,-2.0
unit_59,-2.0,-2.0
unit_59,0.0,0.0
unit_59,1.0,1.0
unit_59,1.0,-1.0
unit_59,1.0,0.0
unit_59,1.0,1.0
unit_59,-1.0,-1.0
unit_61,-2.0,-1.0
unit_61,-2.0,1.0
unit_61,2.0,1.0
unit_61,2.0,2.0
unit_61,2.0,2.0
unit_61,-2.0,-2.0
unit_61,2.0,2.0
unit_61,-2.0,-2.0
unit_61,0.0,-1.0
unit_61,-2.0,-2.0
unit_61,1.0,-1.0
unit_63,0.0,2.0
unit_63,1.0,1.0
unit_63,0.0,1.0
unit_63,1.0,1.0
unit_63,0.0,1.0
unit_63,1.0,0.0
unit_63,0.0,0.0
unit_63,0.0,1.0
unit_63,0.0,1.0
unit_63,0.0,2.0
unit_63,0.0,2.0
unit_65,0.0,0.0
unit_65,1.0,1.0
unit_65,1.0,0.0
unit_65,-2.0,-2.0
unit_65,-2.0,-2.0
unit_65,0.0,0.0
unit_65,1.0,1.0
unit_65,1.0,1.0
unit_65,0.0,0.0
unit_65,0.0,1.0
unit_65,0.0,0.0
unit_67,2.0,2.0
unit_67,0.0,0.0
unit_67,1.0,-1.0
unit_67,-2.0,-2.0
unit_67,1.0,2.0
unit_67,-2.0,-2.0
unit_67,-2.0,-2.0
unit_67,1.0,1.0
unit_67,0.0,0.0
unit_67,0.0,0.0
unit_67,1.0,0.0
unit_69,0.0,0.0
unit_69,0.0,0.0
unit_69,-1.0,-1.0
unit_69,0.0,-1.0
unit_69,-2.0,-2.0
unit_69,-2.0,-2.0
unit_69,2.0,2.0
unit_69,0.0,0.0
unit_69,-1.0,-1.0
unit_69,-1.0,-1.0
unit_69,0.0,0.0
unit_71,1.0,1.0
unit_71,2.0,2.0
unit_71,-2.0,-2.0
unit_71,2.0,1.0
unit_71,-2.0,-2.0
unit_71,-2.0,-1.0
unit_71,-1.0,-2.0
unit_71,-2.0,-1.0
unit_71,2.0,2.0
unit_71,2.0,2.0
unit_71,2.0,2.0
unit_73,1.0,1.0
unit_73,1.0,2.0
unit_73,2.0,2.0
unit_73,1.0,2.0
unit_73,1.0,2.0
unit_73,1.0,2.0
unit_73,1.0,2.0
unit_73,1.0,2.0
unit_73,1.0,2.0
unit_73,2.0,2.0
unit_73,1.0,-2.0
unit_75,-2.0,-1.0
unit_75,2.0,1.0
unit_75,2.0,2.0
unit_75,1.0,-1.0
unit_75,-1.0,0.0
unit_75,2.0,2.0
unit_75,1.0,-1.0
unit_75,1.0,-1.0
unit_75,0.0,-1.0
unit_75,1.0,1.0
unit_75,-1.0,-1.0
unit_77,1.0,1.0
unit_77,2.0,2.0
unit_77,2.0,2.0
unit_77,2.0,2.0
unit_77,2.0,2.0
unit_77,-2.0,-2.0
unit_77,2.0,2.0
unit_77,2.0,2.0
unit_77,2.0,2.0
unit_77,-2.0,-2.0
unit_77,-2.0,-2.0
unit_79,-1.0,-1.0
unit_79,1.0,1.0
unit_79,0.0,1.0
unit_79,2.0,2.0
unit_79,2.0,-1.0
unit_79,2.0,1.0
unit_79,-1.0,-1.0
unit_79,-2.0,-2.0
unit_79,1.0,1.0
unit_79,0.0,0.0
unit_79,0.0,0.0
unit_81,1.0,1.0
unit_81,1.0,2.0
unit_81,0.0,0.0
unit_81,-2.0,-2.0
unit_81,0.0,0.0
unit_81,1.0,1.0
unit_81,1.0,1.0
unit_81,0.0,0.0
unit_81,2.0,2.0
unit_81,2.0,2.0
unit_81,0.0,0.0
unit_83,1.0,1.0
unit_83,1.0,0.0
unit_83,1.0,0.0
unit_83,-1.0,-1.0
unit_83,1.0,1.0
unit_83,-2.0,-2.0
unit_83,0.0,0.0
unit_83,1.0,0.0
unit_83,0.0,0.0
unit_83,-1.0,-1.0
unit_83,-1.0,0.0
unit_85,1.0,1.0
unit_85,1.0,1.0
unit_85,0.0,0.0
unit_85,2.0,1.0
unit_85,2.0,2.0
unit_85,-2.0,-2.0
unit_85,2.0,2.0
unit_85,0.0,0.0
unit_85,2.0,0.0
unit_85,1.0,1.0
unit_85,1.0,1.0
unit_87,1.0,1.0
unit_87,2.0,2.0
unit_87,1.0,1.0
unit_87,0.0,-1.0
unit_87,2.0,2.0
unit_87,1.0,1.0
unit_87,-2.0,-2.0
unit_87,1.0,0.0
unit_87,1.0,1.0
unit_87,1.0,0.0
unit_87,2.0,2.0
unit_89,-2.0,-2.0
unit_89,0.0,-1.0
unit_89,1.0,1.0
unit_89,-1.0,-1.0
unit_89,-1.0,0.0
unit_89,2.0,2.0
unit_89,2.0,2.0
unit_89,-1.0,0.0
unit_89,2.0,1.0
unit_89,-1.0,0.0
unit_89,1.0,1.0
unit_91,1.0,1.0
unit_91,1.0,-1.0
unit_91,1.0,1.0
unit_91,2.0,2.0
unit_91,-2.0,-2.0
unit_91,2.0,2.0
unit_91,-1.0,-1.0
unit_91,1.0,1.0
unit_91,0.0,1.0
unit_91,2.0,1.0
unit_91,2.0,1.0
unit_93,0.0,-1.0
unit_93,-1.0,0.0
unit_93,1.0,1.0
unit_93,-2.0,-2.0
unit_93,2.0,1.0
unit_93,1.0,0.0
unit_93,0.0,0.0
unit_93,0.0,1.0
unit_93,1.0,1.0
unit_93,0.0,1.0
unit_93,-1.0,0.0
unit_95,2.0,0.0
unit_95,1.0,1.0
unit_95,2.0,1.0
unit_95,2.0,1.0
unit_95,-2.0,-2.0
unit_95,2.0,1.0
unit_95,2.0,2.0
unit_95,2.0,2.0
unit_95,-1.0,-1.0
unit_95,1.0,0.0
unit_95,2.0,2.0
unit_97,1.0,1.0
unit_97,1.0,0.0
unit_97,1.0,1.0
unit_97,0.0,1.0
unit_97,0.0,1.0
unit_97,1.0,0.0
unit_97,1.0,1.0
unit_97,0.0,0.0
unit_97,0.0,-1.0
unit_97,-1.0,-1.0
unit_97,0.0,1.0
unit_99,1.0,0.0
unit_99,2.0,1.0
unit_99,-1.0,0.0
unit_99,2.0,1.0
unit_99,2.0,2.0
unit_99,2.0,2.0
unit_99,0.0,1.0
unit_99,-1.0,-2.0
unit_99,2.0,0.0
unit_99,2.0,2.0
unit_99,-2.0,-1.0
unit_101,1.0,1.0
unit_101,-2.0,-2.0
unit_101,2.0,2.0
unit_101,1.0,1.0
unit_101,0.0,0.0
unit_101,-1.0,-1.0
unit_101,1.0,1.0
unit_101,2.0,2.0
unit_101,2.0,2.0
unit_101,-2.0,-2.0
unit_101,-2.0,-2.0
unit_103,1.0,0.0
unit_103,2.0,1.0
unit_103,-2.0,-2.0
unit_103,2.0,1.0
unit_103,0.0,-1.0
unit_103,1.0,1.0
unit_103,-2.0,-2.0
unit_103,-1.0,0.0
unit_103,1.0,1.0
unit_103,1.0,0.0
unit_103,1.0,1.0
unit_105,-1.0,0.0
unit_105,1.0,0.0
unit_105,-2.0,1.0
unit_105,0.0,1.0
unit_105,-1.0,-1.0
unit_105,1.0,1.0
unit_105,0.0,1.0
unit_105,-1.0,-1.0
unit_105,1.0,1.0
unit_105,0.0,0.0
unit_105,-1.0,0.0
unit_107,-2.0,1.0
unit_107,1.0,1.0
unit_107,-2.0,0.0
unit_107,-1.0,0.0
unit_107,2.0,0.0
unit_107,2.0,0.0
unit_107,2.0,0.0
unit_107,2.0,2.0
unit_107,-2.0,2.0
unit_107,-2.0,-1.0
unit_107,1.0,0.0
unit_109,2.0,2.0
unit_109,-2.0,-2.0
unit_109,1.0,1.0
unit_109,0.0,0.0
unit_109,-1.0,-1.0
unit_109,0.0,1.0
unit_109,0.0,0.0
unit_109,1.0,1.0
unit_109,1.0,1.0
unit_109,1.0,1.0
unit_109,0.0,1.0
unit_111,1.0,-1.0
unit_111,1.0,1.0
unit_111,2.0,1.0
unit_111,-1.0,-1.0
unit_111,-2.0,-2.0
unit_111,2.0,2.0
unit_111,1.0,1.0
unit_111,1.0,0.0
unit_111,2.0,1.0
unit_111,1.0,2.0
unit_111,-1.0,2.0
unit_113,2.0,1.0
unit_113,-1.0,-2.0
unit_113,-1.0,-1.0
unit_113,1.0,1.0
unit_113,1.0,1.0
unit_113,2.0,2.0
unit_113,0.0,0.0
unit_113,1.0,1.0
unit_113,0.0,-1.0
unit_113,0.0,0.0
unit_113,-1.0,-1.0
unit_115,0.0,-1.0
unit_115,0.0,1.0
unit_115,0.0,2.0
unit_115,2.0,2.0
unit_115,2.0,2.0
unit_115,-2.0,-2.0
unit_115,0.0,0.0
unit_115,0.0,0.0
unit_115,0.0,0.0
unit_115,0.0,0.0
unit_115,2.0,2.0
unit_117,-2.0,-2.0
unit_117,2.0,2.0
unit_117,1.0,1.0
unit_117,-1.0,-2.0
unit_117,2.0,2.0
unit_117,0.0,0.0
unit_117,-2.0,-2.0
unit_117,-1.0,-1.0
unit_117,2.0,2.0
unit_117,0.0,0.0
unit_117,-1.0,-1.0
unit_119,1.0,1.0
unit_119,1.0,1.0
unit_119,1.0,1.0
unit_119,1.0,1.0
unit_119,1.0,1.0
unit_119,1.0,1.0
unit_119,2.0,0.0
unit_119,2.0,0.0
unit_119,2.0,0.0
unit_119,2.0,0.0
unit_119,2.0,0.0
unit_121,0.0,0.0
unit_121,1.0,0.0
unit_121,1.0,1.0
unit_121,1.0,2.0
unit_121,1.0,1.0
unit_121,1.0,1.0
unit_121,1.0,0.0
unit_121,2.0,1.0
unit_121,2.0,2.0
unit_121,1.0,1.0
unit_121,2.0,2.0
unit_123,1.0,1.0
unit_123,0.0,0.0
unit_123,1.0,1.0
unit_123,1.0,1.0
unit_123,1.0,1.0
unit_123,2.0,2.0
unit_123,-1.0,-1.0
unit_123,-1.0,-1.0
unit_123,1.0,1.0
unit_123,1.0,1.0
unit_123,-1.0,-1.0
unit_125,-1.0,-1.0
unit_125,1.0,1.0
unit_125,0.0,0.0
unit_125,2.0,2.0
unit_125,0.0,1.0
unit_125,-2.0,-2.0
unit_125,0.0,0.0
unit_125,-2.0,-2.0
unit_125,1.0,0.0
unit_125,-1.0,-1.0
unit_125,-2.0,-2.0
unit_127,2.0,2.0
unit_127,-1.0,-1.0
unit_127,0.0,0.0
unit_127,-1.0,-1.0
unit_127,-1.0,0.0
unit_127,-2.0,-2.0
unit_127,0.0,1.0
unit_127,2.0,0.0
unit_127,0.0,1.0
unit_127,0.0,0.0
unit_127,0.0,0.0
unit_129,-1.0,2.0
unit_129,0.0,0.0
unit_129,-1.0,-1.0
unit_129,0.0,-2.0
unit_129,0.0,-2.0
unit_129,-1.0,-2.0
unit_129,-1.0,-2.0
unit_129,-1.0,-2.0
unit_129,-1.0,-2.0
unit_129,-1.0,-2.0
unit_129,-1.0,-2.0
unit_131,0.0,1.0
unit_131,1.0,0.0
unit_131,1.0,0.0
unit_131,2.0,2.0
unit_131,1.0,1.0
unit_131,0.0,0.0
unit_131,0.0,0.0
unit_131,0.0,0.0
unit_131,-1.0,0.0
unit_131,0.0,0.0
unit_131,0.0,1.0
unit_133,2.0,1.0
unit_133,2.0,1.0
unit_133,-2.0,-2.0
unit_133,0.0,0.0
unit_133,1.0,1.0
unit_133,1.0,-1.0
unit_133,1.0,1.0
unit_133,1.0,1.0
unit_133,-1.0,-1.0
unit_133,1.0,1.0
unit_133,1.0,-1.0
unit_135,1.0,0.0
unit_135,2.0,1.0
unit_135,2.0,2.0
unit_135,-1.0,-1.0
unit_135,-1.0,-2.0
unit_135,-2.0,-2.0
unit_135,-2.0,-2.0
unit_135,-2.0,-1.0
unit_135,1.0,0.0
unit_135,1.0,1.0
unit_135,2.0,2.0
unit_137,-2.0,-1.0
unit_137,0.0,0.0
unit_137,1.0,-1.0
unit_137,-1.0,-1.0
unit_137,0.0,-1.0
unit_137,-2.0,-2.0
unit_137,2.0,1.0
unit_137,0.0,-2.0
unit_137,0.0,0.0
unit_137,0.0,0.0
unit_137,0.0,-1.0
unit_139,0.0,0.0
unit_139,-1.0,-1.0
unit_139,1.0,1.0
unit_139,2.0,2.0
unit_139,1.0,1.0
unit_139,0.0,0.0
unit_139,-1.0,-1.0
unit_139,1.0,1.0
unit_139,1.0,1.0
unit_139,-2.0,-2.0
unit_139,0.0,0.0
unit_141,-2.0,-2.0
unit_141,1.0,1.0
unit_141,2.0,2.0
unit_141,2.0,2.0
unit_141,-2.0,-2.0
unit_141,-2.0,-2.0
unit_141,2.0,2.0
unit_141,2.0,2.0
unit_141,2.0,2.0
unit_141,2.0,2.0
unit_141,2.0,2.0
unit_143,2.0,1.0
unit_143,-2.0,-2.0
unit_143,2.0,2.0
unit_143,0.0,0.0
unit_143,0.0,0.0
unit_143,1.0,2.0
unit_143,-2.0,-2.0
unit_143,-1.0,-1.0
unit_143,-1.0,-1.0
unit_143,1.0,1.0
unit_143,-1.0,-1.0
unit_145,0.0,-1.0
unit_145,0.0,0.0
unit_145,1.0,0.0
unit_145,2.0,2.0
unit_145,-1.0,0.0
unit_145,-2.0,-2.0
unit_145,1.0,0.0
unit_145,2.0,1.0
unit_145,0.0,0.0
unit_145,0.0,0.0
unit_145,-2.0,0.0
unit_147,1.0,1.0
unit_147,1.0,1.0
unit_147,1.0,2.0
unit_147,2.0,1.0
unit_147,2.0,1.0
unit_147,1.0,2.0
unit_147,2.0,2.0
unit_147,1.0,2.0
unit_147,1.0,1.0
unit_147,1.0,1.0
unit_147,1.0,1.0
unit_149,-2.0,-1.0
unit_149,1.0,1.0
unit_149,0.0,1.0
unit_149,0.0,1.0
unit_149,1.0,1.0
unit_149,1.0,1.0
unit_149,0.0,0.0
unit_149,1.0,1.0
unit_149,1.0,1.0
unit_149,1.0,1.0
unit_149,-1.0,0.0
unit_151,-1.0,-1.0
unit_151,-2.0,-2.0
unit_151,1.0,1.0
unit_151,-1.0,-1.0
unit_151,2.0,2.0
unit_151,2.0,2.0
unit_151,1.0,1.0
unit_151,2.0,2.0
unit_151,2.0,2.0
unit_151,2.0,2.0
unit_151,-2.0,-2.0
unit_153,0.0,-1.0
unit_153,-2.0,-2.0
unit_153,1.0,-1.0
unit_153,1.0,1.0
unit_153,2.0,2.0
unit_153,2.0,1.0
unit_153,2.0,1.0
unit_153,-1.0,-1.0
unit_153,2.0,0.0
unit_153,2.0,0.0
unit_153,-1.0,-1.0
unit_155,2.0,2.0
unit_155,-2.0,-2.0
unit_155,-1.0,-1.0
unit_155,1.0,-1.0
unit_155,1.0,1.0
unit_155,-2.0,-2.0
unit_155,2.0,2.0
unit_155,2.0,1.0
unit_155,-1.0,-1.0
unit_155,2.0,1.0
unit_155,-2.0,-2.0
unit_157,0.0,2.0
unit_157,0.0,-1.0
unit_157,1.0,-1.0
unit_157,-1.0,-1.0
unit_157,-1.0,-1.0
unit_157,0.0,0.0
unit_157,0.0,0.0
unit_157,0.0,0.0
unit_157,2.0,0.0
unit_157,1.0,1.0
unit_157,-1.0,1.0
unit_159,1.0,0.0
unit_159,0.0,-1.0
unit_159,0.0,1.0
unit_159,1.0,1.0
unit_159,-1.0,-1.0
unit_159,1.0,1.0
unit_159,0.0,1.0
unit_159,1.0,1.0
unit_159,1.0,1.0
unit_159,-1.0,0.0
unit_159,1.0,1.0
unit_161,1.0,0.0
unit_161,1.0,0.0
unit_161,0.0,0.0
unit_161,1.0,1.0
unit_161,-2.0,-2.0
unit_161,1.0,1.0
unit_161,2.0,2.0
unit_161,1.0,1.0
unit_161,2.0,2.0
unit_161,2.0,2.0
unit_161,0.0,-1.0
unit_163,0.0,1.0
unit_163,1.0,2.0
unit_163,2.0,2.0
unit_163,2.0,1.0
unit_163,-1.0,-1.0
unit_163,2.0,2.0
unit_163,2.0,2.0
unit_163,2.0,2.0
unit_163,2.0,1.0
unit_163,2.0,0.0
unit_163,-1.0,0.0
unit_165,0.0,0.0
unit_165,-2.0,-2.0
unit_165,1.0,0.0
unit_165,1.0,0.0
unit_165,1.0,2.0
unit_165,0.0,2.0
unit_165,1.0,1.0
unit_165,1.0,0.0
unit_165,-1.0,-2.0
unit_165,-1.0,-1.0
unit_165,1.0,1.0
unit_167,2.0,1.0
unit_167,-2.0,-2.0
unit_167,2.0,1.0
unit_167,2.0,2.0
unit_167,2.0,2.0
unit_167,2.0,1.0
unit_167,-2.0,-2.0
unit_167,-2.0,-2.0
unit_167,2.0,2.0
unit_167,2.0,2.0
unit_167,2.0,2.0
unit_169,-2.0,-2.0
unit_169,-2.0,-2.0
unit_169,2.0,2.0
unit_169,2.0,2.0
unit_169,2.0,2.0
unit_169,1.0,2.0
unit_169,2.0,2.0
unit_169,2.0,2.0
unit_169,2.0,2.0
unit_169,2.0,2.0
unit_169,2.0,2.0
unit_171,-1.0,0.0
unit_171,1.0,1.0
unit_171,1.0,2.0
unit_171,-2.0,-2.0
unit_171,1.0,0.0
unit_171,0.0,0.0
unit_171,0.0,1.0
unit_171,1.0,0.0
unit_171,2.0,2.0
unit_171,-1.0,-1.0
unit_171,1.0,-1.0
unit_173,1.0,1.0
unit_173,1.0,-1.0
unit_173,2.0,1.0
unit_173,1.0,-1.0
unit_173,2.0,0.0
unit_173,2.0,0.0
unit_173,2.0,0.0
unit_173,2.0,0.0
unit_173,2.0,0.0
unit_173,2.0,0.0
unit_173,2.0,0.0
unit_175,1.0,1.0
unit_175,-2.0,-2.0
unit_175,1.0,1.0
unit_175,2.0,2.0
unit_175,2.0,2.0
unit_175,1.0,1.0
unit_175,-2.0,0.0
unit_175,2.0,2.0
unit_175,1.0,1.0
unit_175,1.0,1.0
unit_175,0.0,0.0
unit_177,2.0,2.0
unit_177,-2.0,-2.0
unit_177,-2.0,-1.0
unit_177,-2.0,-1.0
unit_177,2.0,2.0
unit_177,-1.0,0.0
unit_177,2.0,2.0
unit_177,-2.0,-2.0
unit_177,-2.0,0.0
unit_177,0.0,0.0
unit_177,0.0,-1.0
unit_179,1.0,1.0
unit_179,1.0,1.0
unit_179,1.0,2.0
unit_179,1.0,1.0
unit_179,1.0,1.0
unit_179,1.0,1.0
unit_179,1.0,1.0
unit_179,2.0,2.0
unit_179,1.0,1.0
unit_179,-2.0,-2.0
unit_179,1.0,2.0
unit_181,2.0,0.0
unit_181,0.0,0.0
unit_181,2.0,1.0
unit_181,1.0,1.0
unit_181,2.0,0.0
unit_181,0.0,-1.0
unit_181,1.0,2.0
unit_181,1.0,1.0
unit_181,1.0,2.0
unit_181,1.0,0.0
unit_181,1.0,2.0
unit_183,-1.0,-2.0
unit_183,0.0,0.0
unit_183,-2.0,-2.0
unit_183,2.0,2.0
unit_183,1.0,1.0
unit_183,-1.0,-1.0
unit_183,1.0,1.0
unit_183,1.0,1.0
unit_183,0.0,1.0
unit_183,1.0,1.0
unit_183,0.0,0.0
unit_185,0.0,-1.0
unit_185,0.0,-1.0
unit_185,-2.0,-2.0
unit_185,-2.0,-2.0
unit_185,-2.0,-2.0
unit_185,0.0,0.0
unit_185,1.0,0.0
unit_185,2.0,2.0
unit_185,0.0,0.0
unit_185,0.0,0.0
unit_185,0.0,0.0
unit_187,-1.0,-1.0
unit_187,1.0,2.0
unit_187,1.0,1.0
unit_187,-1.0,-1.0
unit_187,-1.0,-1.0
unit_187,0.0,-1.0
unit_187,1.0,-1.0
unit_187,-1.0,-1.0
unit_187,1.0,1.0
unit_187,0.0,1.0
unit_187,1.0,1.0
unit_189,-1.0,-1.0
unit_189,0.0,-1.0
unit_189,1.0,1.0
unit_189,-1.0,1.0
unit_189,2.0,1.0
unit_189,-2.0,-2.0
unit_189,2.0,1.0
unit_189,2.0,1.0
unit_189,2.0,1.0
unit_189,-2.0,-1.0
unit_189,-2.0,-1.0
unit_191,2.0,2.0
unit_191,1.0,0.0
unit_191,-1.0,-1.0
unit_191,-2.0,-2.0
unit_191,0.0,0.0
unit_191,2.0,2.0
unit_191,2.0,2.0
unit_191,2.0,2.0
unit_191,-2.0,-2.0
unit_191,2.0,2.0
unit_191,-2.0,-2.0
unit_193,0.0,1.0
unit_193,-1.0,-1.0
unit_193,2.0,2.0
unit_193,1.0,1.0
unit_193,0.0,0.0
unit_193,1.0,1.0
unit_193,0.0,0.0
unit_193,-2.0,-2.0
unit_193,-1.0,-1.0
unit_193,1.0,1.0
unit_193,1.0,1.0
unit_195,-1.0,-1.0
unit_195,-1.0,-1.0
unit_195,1.0,1.0
unit_195,1.0,1.0
unit_195,1.0,1.0
unit_195,0.0,0.0
unit_195,1.0,1.0
unit_195,1.0,1.0
unit_195,-1.0,-1.0
unit_195,1.0,1.0
unit_195,1.0,1.0
unit_197,0.0,0.0
unit_197,0.0,2.0
unit_197,1.0,1.0
unit_197,0.0,1.0
unit_197,0.0,2.0
unit_197,0.0,2.0
unit_197,2.0,2.0
unit_197,0.0,2.0
unit_197,1.0,1.0
unit_197,0.0,2.0
unit_197,0.0,2.0
unit_199,1.0,-1.0
unit_199,-1.0,-1.0
unit_199,-2.0,-2.0
unit_199,1.0,1.0
unit_199,1.0,1.0
unit_199,1.0,1.0
unit_199,2.0,1.0
unit_199,0.0,0.0
unit_199,1.0,1.0
unit_199,2.0,1.0
unit_199,0.0,0.0
unit_0,0.0,-1.0
unit_0,-1.0,-1.0
unit_0,0.0,0.0
unit_0,-1.0,-1.0
unit_0,-2.0,-2.0
unit_0,-1.0,-1.0
unit_0,1.0,1.0
unit_0,1.0,1.0
unit_0,-2.0,-2.0
unit_0,1.0,1.0
unit_0,-2.0,-2.0
unit_4,1.0,1.0
unit_4,0.0,0.0
unit_4,-2.0,-2.0
unit_4,0.0,0.0
unit_4,0.0,0.0
unit_4,1.0,1.0
unit_4,0.0,0.0
unit_4,0.0,0.0
unit_4,0.0,1.0
unit_4,-1.0,-1.0
unit_4,0.0,0.0
unit_6,-2.0,-2.0
unit_6,2.0,2.0
unit_6,-2.0,-2.0
unit_6,1.0,1.0
unit_6,1.0,2.0
unit_6,-1.0,-1.0
unit_6,2.0,-1.0
unit_6,2.0,-1.0
unit_6,2.0,1.0
unit_6,2.0,1.0
unit_6,2.0,1.0
unit_8,0.0,0.0
unit_8,0.0,1.0
unit_8,-1.0,-1.0
unit_8,-1.0,0.0
unit_8,0.0,1.0
unit_8,0.0,1.0
unit_8,-1.0,-1.0
unit_8,1.0,1.0
unit_8,2.0,0.0
unit_8,0.0,0.0
unit_8,-1.0,0.0
unit_10,0.0,1.0
unit_10,0.0,0.0
unit_10,0.0,1.0
unit_10,0.0,0.0
unit_10,-2.0,0.0
unit_10,0.0,0.0
unit_10,0.0,0.0
unit_10,0.0,0.0
unit_10,2.0,1.0
unit_10,-2.0,-2.0
unit_10,-1.0,0.0
unit_12,-1.0,-1.0
unit_12,1.0,2.0
unit_12,-2.0,-1.0
unit_12,-2.0,1.0
unit_12,-1.0,-1.0
unit_12,1.0,1.0
unit_12,1.0,-1.0
unit_12,1.0,-1.0
unit_12,1.0,1.0
unit_12,-2.0,-1.0
unit_12,1.0,1.0
unit_14,1.0,0.0
unit_14,1.0,1.0
unit_14,0.0,1.0
unit_14,0.0,0.0
unit_14,1.0,0.0
unit_14,1.0,2.0
unit_14,1.0,0.0
unit_14,2.0,1.0
unit_14,1.0,1.0
unit_14,2.0,0.0
unit_14,1.0,2.0
unit_16,2.0,1.0
unit_16,1.0,1.0
unit_16,1.0,1.0
unit_16,1.0,0.0
unit_16,1.0,1.0
unit_16,2.0,2.0
unit_16,1.0,1.0
unit_16,1.0,0.0
unit_16,1.0,1.0
unit_16,0.0,0.0
unit_16,1.0,0.0
unit_18,-1.0,1.0
unit_18,-2.0,-1.0
unit_18,1.0,2.0
unit_18,1.0,0.0
unit_18,1.0,1.0
unit_18,1.0,1.0
unit_18,1.0,0.0
unit_18,-2.0,0.0
unit_18,-1.0,0.0
unit_18,-1.0,0.0
unit_18,-1.0,0.0
unit_20,-1.0,-1.0
unit_20,-1.0,-1.0
unit_20,-1.0,-1.0
unit_20,0.0,0.0
unit_20,-1.0,0.0
unit_20,0.0,0.0
unit_20,0.0,0.0
unit_20,-1.0,-1.0
unit_20,-1.0,-1.0
unit_20,-1.0,-1.0
unit_20,-1.0,-1.0
unit_22,2.0,1.0
unit_22,1.0,0.0
unit_22,0.0,1.0
unit_22,0.0,2.0
unit_22,0.0,2.0
unit_22,2.0,0.0
unit_22,1.0,-1.0
unit_22,1.0,2.0
unit_22,1.0,-1.0
unit_22,1.0,2.0
unit_22,1.0,-1.0
unit_24,2.0,-1.0
unit_24,-2.0,0.0
unit_24,1.0,1.0
unit_24,0.0,-2.0
unit_24,1.0,0.0
unit_24,0.0,1.0
unit_24,1.0,2.0
unit_24,0.0,-2.0
unit_24,0.0,-1.0
unit_24,1.0,-1.0
unit_24,2.0,-1.0
unit_26,2.0,1.0
unit_26,1.0,1.0
unit_26,-2.0,-2.0
unit_26,2.0,2.0
unit_26,2.0,1.0
unit_26,1.0,1.0
unit_26,-1.0,-1.0
unit_26,2.0,1.0
unit_26,-1.0,-2.0
unit_26,-1.0,-1.0
unit_26,-1.0,0.0
unit_28,1.0,2.0
unit_28,1.0,1.0
unit_28,-1.0,-1.0
unit_28,2.0,2.0
unit_28,1.0,1.0
unit_28,-2.0,1.0
unit_28,-2.0,1.0
unit_28,-2.0,-2.0
unit_28,-2.0,-2.0
unit_28,2.0,2.0
unit_28,-2.0,0.0
unit_30,1.0,1.0
unit_30,0.0,0.0
unit_30,0.0,1.0
unit_30,1.0,1.0
unit_30,0.0,0.0
unit_30,0.0,0.0
unit_30,0.0,1.0
unit_30,0.0,0.0
unit_30,0.0,0.0
unit_30,1.0,0.0
unit_30,1.0,1.0
unit_32,2.0,2.0
unit_32,-1.0,-1.0
unit_32,1.0,0.0
unit_32,1.0,0.0
unit_32,1.0,0.0
unit_32,1.0,1.0
unit_32,2.0,1.0
unit_32,1.0,0.0
unit_32,-2.0,-2.0
unit_32,1.0,1.0
unit_32,1.0,1.0
unit_34,-2.0,-2.0
unit_34,2.0,2.0
unit_34,0.0,0.0
unit_34,-1.0,-1.0
unit_34,1.0,1.0
unit_34,2.0,2.0
unit_34,-2.0,-2.0
unit_34,0.0,0.0
unit_34,2.0,2.0
unit_34,-1.0,-1.0
unit_34,-2.0,-2.0
unit_36,2.0,1.0
unit_36,-1.0,-1.0
unit_36,2.0,1.0
unit_36,0.0,0.0
unit_36,0.0,0.0
unit_36,0.0,0.0
unit_36,2.0,0.0
unit_36,1.0,0.0
unit_36,2.0,-2.0
unit_36,1.0,0.0
unit_36,-2.0,-2.0
unit_38,-2.0,2.0
unit_38,2.0,2.0
unit_38,2.0,2.0
unit_38,2.0,2.0
unit_38,0.0,0.0
unit_38,0.0,0.0
unit_38,-2.0,-2.0
unit_38,-2.0,-2.0
unit_38,-2.0,-2.0
unit_38,-2.0,-2.0
unit_38,2.0,2.0
unit_40,0.0,2.0
unit_40,0.0,2.0
unit_40,0.0,2.0
unit_40,1.0,1.0
unit_40,0.0,0.0
unit_40,0.0,2.0
unit_40,1.0,-1.0
unit_40,0.0,0.0
unit_40,-1.0,0.0
unit_40,0.0,0.0
unit_40,0.0,1.0
unit_42,1.0,1.0
unit_42,1.0,2.0
unit_42,0.0,1.0
unit_42,1.0,2.0
unit_42,0.0,0.0
unit_42,-1.0,-2.0
unit_42,-1.0,0.0
unit_42,2.0,2.0
unit_42,-1.0,-1.0
unit_42,-2.0,-2.0
unit_42,1.0,0.0
unit_44,1.0,1.0
unit_44,0.0,1.0
unit_44,0.0,1.0
unit_44,0.0,2.0
unit_44,0.0,0.0
unit_44,0.0,0.0
unit_44,0.0,0.0
unit_44,0.0,1.0
unit_44,0.0,0.0
unit_44,0.0,1.0
unit_44,0.0,1.0
unit_46,-1.0,-1.0
unit_46,0.0,-2.0
unit_46,-1.0,-2.0
unit_46,-2.0,-1.0
unit_46,-2.0,-1.0
unit_46,-2.0,-1.0
unit_46,-1.0,0.0
unit_46,-2.0,-2.0
unit_46,-2.0,0.0
unit_46,-2.0,-2.0
unit_46,-2.0,0.0
unit_48,1.0,0.0
unit_48,2.0,2.0
unit_48,0.0,0.0
unit_48,-2.0,-2.0
unit_48,-1.0,-1.0
unit_48,0.0,0.0
unit_48,2.0,2.0
unit_48,-2.0,-2.0
unit_48,0.0,0.0
unit_48,0.0,0.0
unit_48,0.0,0.0
unit_50,2.0,-1.0
unit_50,2.0,1.0
unit_50,2.0,1.0
unit_50,2.0,1.0
unit_50,-2.0,-2.0
unit_50,2.0,2.0
unit_50,2.0,2.0
unit_50,2.0,2.0
unit_50,-1.0,-2.0
unit_50,2.0,1.0
unit_50,-2.0,-2.0
unit_52,1.0,1.0
unit_52,0.0,1.0
unit_52,0.0,1.0
unit_52,0.0,0.0
unit_52,0.0,0.0
unit_52,0.0,1.0
unit_52,1.0,0.0
unit_52,1.0,1.0
unit_52,0.0,2.0
unit_52,0.0,2.0
unit_52,0.0,0.0
unit_54,1.0,1.0
unit_54,1.0,1.0
unit_54,0.0,0.0
unit_54,0.0,0.0
unit_54,1.0,1.0
unit_54,-2.0,-2.0
unit_54,1.0,1.0
unit_54,2.0,2.0
unit_54,-1.0,0.0
unit_54,0.0,0.0
unit_54,0.0,0.0
unit_56,0.0,2.0
unit_56,0.0,1.0
unit_56,0.0,-1.0
unit_56,-2.0,-2.0
unit_56,0.0,2.0
unit_56,1.0,1.0
unit_56,0.0,0.0
unit_56,1.0,2.0
unit_56,0.0,0.0
unit_56,-1.0,0.0
unit_56,2.0,2.0
unit_58,2.0,1.0
unit_58,-1.0,-1.0
unit_58,1.0,1.0
unit_58,2.0,1.0
unit_58,-2.0,-1.0
unit_58,-2.0,-2.0
unit_58,-1.0,-1.0
unit_58,1.0,-1.0
unit_58,1.0,1.0
unit_58,1.0,2.0
unit_58,0.0,-1.0
unit_60,1.0,1.0
unit_60,-2.0,-2.0
unit_60,1.0,1.0
unit_60,1.0,1.0
unit_60,1.0,2.0
unit_60,1.0,1.0
unit_60,-2.0,-2.0
unit_60,-1.0,-1.0
unit_60,2.0,2.0
unit_60,0.0,0.0
unit_60,1.0,1.0
unit_62,1.0,1.0
unit_62,1.0,-1.0
unit_62,1.0,1.0
unit_62,1.0,-1.0
unit_62,1.0,1.0
unit_62,0.0,0.0
unit_62,1.0,1.0
unit_62,0.0,0.0
unit_62,1.0,0.0
unit_62,1.0,1.0
unit_62,1.0,1.0
unit_64,1.0,1.0
unit_64,1.0,1.0
unit_64,2.0,2.0
unit_64,2.0,2.0
unit_64,1.0,1.0
unit_64,0.0,2.0
unit_64,1.0,-1.0
unit_64,0.0,2.0
unit_64,2.0,2.0
unit_64,1.0,1.0
unit_64,0.0,1.0
unit_66,1.0,0.0
unit_66,-1.0,-2.0
unit_66,0.0,1.0
unit_66,1.0,1.0
unit_66,1.0,0.0
unit_66,1.0,1.0
unit_66,1.0,0.0
unit_66,-2.0,-2.0
unit_66,-2.0,-2.0
unit_66,0.0,0.0
unit_66,-2.0,-2.0
unit_68,1.0,1.0
unit_68,0.0,1.0
unit_68,2.0,2.0
unit_68,-2.0,-2.0
unit_68,-1.0,0.0
unit_68,0.0,-1.0
unit_68,0.0,0.0
unit_68,1.0,0.0
unit_68,0.0,0.0
unit_68,-2.0,-2.0
unit_68,1.0,0.0
unit_70,0.0,2.0
unit_70,1.0,0.0
unit_70,1.0,-1.0
unit_70,2.0,2.0
unit_70,1.0,2.0
unit_70,1.0,2.0
unit_70,2.0,2.0
unit_70,2.0,2.0
unit_70,2.0,2.0
unit_70,2.0,2.0
unit_70,2.0,2.0
unit_72,1.0,1.0
unit_72,1.0,1.0
unit_72,0.0,0.0
unit_72,1.0,1.0
unit_72,1.0,1.0
unit_72,1.0,1.0
unit_72,-1.0,-1.0
unit_72,0.0,0.0
unit_72,-1.0,-1.0
unit_72,2.0,2.0
unit_72,-2.0,-2.0
unit_74,2.0,1.0
unit_74,1.0,1.0
unit_74,-2.0,-2.0
unit_74,2.0,1.0
unit_74,-2.0,-1.0
unit_74,-2.0,-2.0
unit_74,2.0,1.0
unit_74,2.0,2.0
unit_74,-2.0,-1.0
unit_74,2.0,2.0
unit_74,-1.0,-1.0
unit_76,1.0,1.0
unit_76,2.0,2.0
unit_76,0.0,1.0
unit_76,1.0,1.0
unit_76,1.0,1.0
unit_76,1.0,2.0
unit_76,2.0,2.0
unit_76,2.0,1.0
unit_76,0.0,1.0
unit_76,1.0,1.0
unit_76,1.0,2.0
unit_78,0.0,1.0
unit_78,0.0,0.0
unit_78,0.0,0.0
unit_78,-2.0,-2.0
unit_78,0.0,0.0
unit_78,0.0,0.0
unit_78,2.0,2.0
unit_78,1.0,1.0
unit_78,-2.0,-2.0
unit_78,0.0,0.0
unit_78,0.0,0.0
unit_80,1.0,2.0
unit_80,2.0,2.0
unit_80,1.0,1.0
unit_80,1.0,1.0
unit_80,1.0,2.0
unit_80,2.0,2.0
unit_80,2.0,2.0
unit_80,2.0,2.0
unit_80,2.0,2.0
unit_80,2.0,2.0
unit_80,2.0,2.0
unit_82,1.0,1.0
unit_82,1.0,1.0
unit_82,1.0,0.0
unit_82,1.0,1.0
unit_82,2.0,1.0
unit_82,1.0,1.0
unit_82,1.0,1.0
unit_82,1.0,1.0
unit_82,1.0,1.0
unit_82,2.0,1.0
unit_82,2.0,1.0
unit_84,1.0,1.0
unit_84,1.0,0.0
unit_84,1.0,1.0
unit_84,1.0,1.0
unit_84,1.0,1.0
unit_84,0.0,0.0
unit_84,1.0,1.0
unit_84,1.0,1.0
unit_84,1.0,1.0
unit_84,0.0,1.0
unit_84,1.0,1.0
unit_86,2.0,1.0
unit_86,2.0,1.0
unit_86,2.0,2.0
unit_86,1.0,1.0
unit_86,1.0,1.0
unit_86,2.0,1.0
unit_86,1.0,2.0
unit_86,1.0,2.0
unit_86,1.0,1.0
unit_86,2.0,1.0
unit_86,2.0,1.0
unit_88,2.0,1.0
unit_88,1.0,1.0
unit_88,1.0,1.0
unit_88,-2.0,-2.0
unit_88,-1.0,-1.0
unit_88,1.0,1.0
unit_88,0.0,0.0
unit_88,1.0,1.0
unit_88,-1.0,-1.0
unit_88,0.0,1.0
unit_88,1.0,1.0
unit_90,1.0,1.0
unit_90,1.0,1.0
unit_90,0.0,0.0
unit_90,2.0,2.0
unit_90,0.0,0.0
unit_90,2.0,2.0
unit_90,-1.0,-1.0
unit_90,0.0,0.0
unit_90,2.0,2.0
unit_90,1.0,1.0
unit_90,-2.0,-2.0
unit_92,-2.0,-2.0
unit_92,2.0,1.0
unit_92,1.0,1.0
unit_92,2.0,2.0
unit_92,2.0,2.0
unit_92,1.0,1.0
unit_92,-2.0,-2.0
unit_92,-1.0,-1.0
unit_92,2.0,2.0
unit_92,2.0,2.0
unit_92,-2.0,1.0
unit_94,1.0,1.0
unit_94,2.0,2.0
unit_94,1.0,0.0
unit_94,2.0,2.0
unit_94,2.0,1.0
unit_94,1.0,1.0
unit_94,2.0,0.0
unit_94,1.0,1.0
unit_94,1.0,2.0
unit_94,1.0,-1.0
unit_94,1.0,2.0
unit_96,1.0,1.0
unit_96,-2.0,-2.0
unit_96,1.0,1.0
unit_96,1.0,1.0
unit_96,-2.0,-2.0
unit_96,-2.0,-2.0
unit_96,1.0,1.0
unit_96,1.0,1.0
unit_96,-2.0,-2.0
unit_96,1.0,1.0
unit_96,1.0,1.0
unit_98,2.0,2.0
unit_98,2.0,2.0
unit_98,2.0,2.0
unit_98,1.0,-1.0
unit_98,2.0,2.0
unit_98,2.0,0.0
unit_98,1.0,1.0
unit_98,2.0,2.0
unit_98,2.0,2.0
unit_98,2.0,1.0
unit_98,2.0,1.0
unit_100,-1.0,-1.0
unit_100,-2.0,-2.0
unit_100,1.0,1.0
unit_100,-2.0,0.0
unit_100,1.0,1.0
unit_100,1.0,2.0
unit_100,1.0,0.0
unit_100,1.0,1.0
unit_100,1.0,1.0
unit_100,1.0,1.0
unit_100,2.0,1.0
unit_102,0.0,2.0
unit_102,0.0,2.0
unit_102,0.0,2.0
unit_102,-1.0,1.0
unit_102,1.0,2.0
unit_102,0.0,0.0
unit_102,-1.0,1.0
unit_102,-1.0,1.0
unit_102,0.0,2.0
unit_102,0.0,2.0
unit_102,1.0,-1.0
unit_104,-1.0,-2.0
unit_104,0.0,-1.0
unit_104,2.0,2.0
unit_104,1.0,1.0
unit_104,1.0,0.0
unit_104,1.0,1.0
unit_104,2.0,2.0
unit_104,-2.0,-2.0
unit_104,1.0,1.0
unit_104,-2.0,-2.0
unit_104,-2.0,-2.0
unit_106,1.0,1.0
unit_106,2.0,2.0
unit_106,-2.0,-2.0
unit_106,-2.0,-1.0
unit_106,-2.0,-2.0
unit_106,2.0,2.0
unit_106,1.0,1.0
unit_106,-2.0,-1.0
unit_106,2.0,1.0
unit_106,2.0,2.0
unit_106,2.0,2.0
unit_108,2.0,1.0
unit_108,1.0,2.0
unit_108,1.0,2.0
unit_108,1.0,1.0
unit_108,1.0,1.0
unit_108,1.0,1.0
unit_108,1.0,2.0
unit_108,1.0,2.0
unit_108,1.0,1.0
unit_108,1.0,1.0
unit_108,1.0,1.0
unit_110,0.0,0.0
unit_110,2.0,2.0
unit_110,-2.0,-2.0
unit_110,2.0,2.0
unit_110,0.0,0.0
unit_110,2.0,2.0
unit_110,-2.0,-2.0
unit_110,-2.0,-2.0
unit_110,-2.0,-2.0
unit_110,2.0,2.0
unit_110,-1.0,-1.0
unit_112,-1.0,-2.0
unit_112,0.0,0.0
unit_112,1.0,1.0
unit_112,0.0,1.0
unit_112,1.0,1.0
unit_112,1.0,-1.0
unit_112,-1.0,1.0
unit_112,-2.0,-2.0
unit_112,0.0,1.0
unit_112,2.0,1.0
unit_112,-2.0,-2.0
unit_114,-1.0,-1.0
unit_114,-1.0,-2.0
unit_114,2.0,2.0
unit_114,1.0,1.0
unit_114,-2.0,-2.0
unit_114,-1.0,-1.0
unit_114,2.0,1.0
unit_114,2.0,2.0
unit_114,-2.0,-2.0
unit_114,-1.0,-1.0
unit_114,-1.0,-1.0
unit_116,0.0,1.0
unit_116,1.0,2.0
unit_116,-2.0,-2.0
unit_116,0.0,0.0
unit_116,0.0,1.0
unit_116,-1.0,0.0
unit_116,-2.0,-2.0
unit_116,0.0,0.0
unit_116,1.0,1.0
unit_116,0.0,0.0
unit_116,0.0,-1.0
unit_118,1.0,-1.0
unit_118,1.0,1.0
unit_118,2.0,0.0
unit_118,0.0,0.0
unit_118,1.0,-1.0
unit_118,1.0,-1.0
unit_118,2.0,0.0
unit_118,0.0,0.0
unit_118,1.0,0.0
unit_118,0.0,0.0
unit_118,1.0,0.0
unit_120,1.0,0.0
unit_120,1.0,2.0
unit_120,1.0,2.0
unit_120,0.0,1.0
unit_120,1.0,2.0
unit_120,1.0,1.0
unit_120,1.0,2.0
unit_120,1.0,1.0
unit_120,1.0,2.0
unit_120,0.0,2.0
unit_120,1.0,2.0
unit_122,1.0,1.0
unit_122,1.0,1.0
unit_122,2.0,1.0
unit_122,-2.0,-1.0
unit_122,1.0,2.0
unit_122,0.0,0.0
unit_122,1.0,1.0
unit_122,2.0,2.0
unit_122,1.0,1.0
unit_122,1.0,1.0
unit_122,1.0,1.0
unit_124,-1.0,-1.0
unit_124,2.0,1.0
unit_124,1.0,-1.0
unit_124,1.0,1.0
unit_124,-2.0,-2.0
unit_124,1.0,1.0
unit_124,-1.0,-1.0
unit_124,-1.0,-1.0
unit_124,-1.0,1.0
unit_124,1.0,1.0
unit_124,2.0,1.0
unit_126,0.0,0.0
unit_126,1.0,0.0
unit_126,0.0,0.0
unit_126,0.0,0.0
unit_126,0.0,1.0
unit_126,1.0,1.0
unit_126,0.0,0.0
unit_126,1.0,1.0
unit_126,1.0,1.0
unit_126,1.0,1.0
unit_126,0.0,0.0
unit_128,2.0,1.0
unit_128,2.0,2.0
unit_128,2.0,2.0
unit_128,-1.0,0.0
unit_128,-2.0,-2.0
unit_128,2.0,2.0
unit_128,2.0,2.0
unit_128,2.0,2.0
unit_128,2.0,1.0
unit_128,1.0,2.0
unit_128,2.0,2.0
unit_130,1.0,1.0
unit_130,0.0,0.0
unit_130,0.0,0.0
unit_130,0.0,1.0
unit_130,-2.0,-2.0
unit_130,0.0,0.0
unit_130,0.0,0.0
unit_130,1.0,1.0
unit_130,1.0,1.0
unit_130,2.0,2.0
unit_130,1.0,1.0
unit_132,-2.0,-1.0
unit_132,1.0,1.0
unit_132,1.0,1.0
unit_132,-2.0,-1.0
unit_132,-2.0,-2.0
unit_132,-2.0,-2.0
unit_132,-2.0,-2.0
unit_132,2.0,2.0
unit_132,-2.0,-2.0
unit_132,-2.0,-2.0
unit_132,2.0,2.0
unit_134,2.0,2.0
unit_134,0.0,0.0
unit_134,1.0,-1.0
unit_134,-2.0,-2.0
unit_134,-2.0,-2.0
unit_134,1.0,1.0
unit_134,1.0,1.0
unit_134,-2.0,-2.0
unit_134,2.0,2.0
unit_134,-2.0,-1.0
unit_134,-2.0,-2.0
unit_136,2.0,2.0
unit_136,0.0,0.0
unit_136,-1.0,-1.0
unit_136,0.0,0.0
unit_136,-2.0,-2.0
unit_136,-1.0,-1.0
unit_136,-2.0,-2.0
unit_136,-1.0,-1.0
unit_136,-2.0,-2.0
unit_136,0.0,0.0
unit_136,-1.0,-1.0
unit_138,1.0,1.0
unit_138,0.0,0.0
unit_138,1.0,0.0
unit_138,0.0,0.0
unit_138,1.0,1.0
unit_138,0.0,1.0
unit_138,0.0,0.0
unit_138,1.0,1.0
unit_138,1.0,1.0
unit_138,0.0,1.0
unit_138,1.0,1.0
unit_140,-1.0,-1.0
unit_140,0.0,0.0
unit_140,2.0,2.0
unit_140,1.0,1.0
unit_140,-1.0,-1.0
unit_140,1.0,-1.0
unit_140,-2.0,-2.0
unit_140,-1.0,-1.0
unit_140,1.0,1.0
unit_140,2.0,1.0
unit_140,-2.0,-2.0
unit_142,2.0,-2.0
unit_142,-1.0,-1.0
unit_142,-2.0,2.0
unit_142,-2.0,2.0
unit_142,-2.0,-2.0
unit_142,-2.0,-2.0
unit_142,2.0,-2.0
unit_142,2.0,-2.0
unit_142,2.0,2.0
unit_142,2.0,2.0
unit_142,2.0,2.0
unit_144,2.0,1.0
unit_144,2.0,1.0
unit_144,1.0,2.0
unit_144,0.0,1.0
unit_144,-1.0,1.0
unit_144,0.0,1.0
unit_144,-1.0,0.0
unit_144,-2.0,-2.0
unit_144,1.0,1.0
unit_144,2.0,1.0
unit_144,0.0,0.0
unit_146,0.0,0.0
unit_146,0.0,0.0
unit_146,0.0,0.0
unit_146,2.0,2.0
unit_146,2.0,2.0
unit_146,0.0,0.0
unit_146,-1.0,-1.0
unit_146,0.0,-2.0
unit_146,0.0,0.0
unit_146,0.0,0.0
unit_146,0.0,0.0
unit_148,1.0,2.0
unit_148,2.0,1.0
unit_148,1.0,1.0
unit_148,1.0,1.0
unit_148,0.0,1.0
unit_148,2.0,0.0
unit_148,2.0,0.0
unit_148,1.0,1.0
unit_148,1.0,0.0
unit_148,1.0,1.0
unit_148,2.0,0.0
unit_150,2.0,2.0
unit_150,-1.0,-1.0
unit_150,2.0,1.0
unit_150,1.0,1.0
unit_150,1.0,1.0
unit_150,2.0,2.0
unit_150,2.0,1.0
unit_150,2.0,1.0
unit_150,2.0,2.0
unit_150,-2.0,-2.0
unit_150,-2.0,1.0
unit_152,-1.0,1.0
unit_152,-2.0,-1.0
unit_152,2.0,0.0
unit_152,-2.0,0.0
unit_152,2.0,1.0
unit_152,2.0,2.0
unit_152,-1.0,-2.0
unit_152,1.0,1.0
unit_152,0.0,0.0
unit_152,1.0,1.0
unit_152,-1.0,-1.0
unit_154,-1.0,-1.0
unit_154,-1.0,-1.0
unit_154,-2.0,-2.0
unit_154,1.0,1.0
unit_154,0.0,1.0
unit_154,-1.0,-1.0
unit_154,-1.0,-1.0
unit_154,0.0,-1.0
unit_154,-1.0,-1.0
unit_154,1.0,0.0
unit_154,0.0,1.0
unit_158,1.0,1.0
unit_158,0.0,1.0
unit_158,2.0,1.0
unit_158,0.0,1.0
unit_158,1.0,0.0
unit_158,0.0,1.0
unit_158,1.0,1.0
unit_158,2.0,1.0
unit_158,0.0,1.0
unit_158,0.0,1.0
unit_158,1.0,2.0
unit_160,1.0,1.0
unit_160,2.0,2.0
unit_160,2.0,-1.0
unit_160,-2.0,-1.0
unit_160,2.0,1.0
unit_160,2.0,1.0
unit_160,-1.0,1.0
unit_160,-1.0,1.0
unit_160,2.0,1.0
unit_160,1.0,1.0
unit_160,-2.0,1.0
unit_162,0.0,1.0
unit_162,2.0,2.0
unit_162,-1.0,-2.0
unit_162,0.0,0.0
unit_162,2.0,1.0
unit_162,2.0,1.0
unit_162,2.0,1.0
unit_162,1.0,1.0
unit_162,-2.0,-1.0
unit_162,-2.0,-2.0
unit_162,0.0,1.0
unit_164,2.0,2.0
unit_164,-2.0,-1.0
unit_164,2.0,1.0
unit_164,0.0,0.0
unit_164,1.0,1.0
unit_164,1.0,1.0
unit_164,2.0,2.0
unit_164,2.0,1.0
unit_164,1.0,0.0
unit_164,2.0,2.0
unit_164,1.0,1.0
unit_166,2.0,2.0
unit_166,-2.0,-2.0
unit_166,2.0,0.0
unit_166,1.0,1.0
unit_166,2.0,2.0
unit_166,2.0,2.0
unit_166,2.0,2.0
unit_166,1.0,1.0
unit_166,1.0,1.0
unit_166,2.0,2.0
unit_166,1.0,1.0
unit_170,-1.0,-1.0
unit_170,0.0,0.0
unit_170,1.0,1.0
unit_170,1.0,0.0
unit_170,-1.0,-1.0
unit_170,-1.0,-1.0
unit_170,-1.0,-2.0
unit_170,0.0,0.0
unit_170,0.0,0.0
unit_170,0.0,0.0
unit_170,-1.0,-1.0
unit_172,1.0,1.0
unit_172,2.0,2.0
unit_172,-2.0,-2.0
unit_172,1.0,1.0
unit_172,2.0,2.0
unit_172,-1.0,-1.0
unit_172,-2.0,-2.0
unit_172,-1.0,-2.0
unit_172,0.0,0.0
unit_172,2.0,0.0
unit_172,2.0,2.0
unit_174,-2.0,1.0
unit_174,1.0,1.0
unit_174,1.0,1.0
unit_174,1.0,1.0
unit_174,1.0,1.0
unit_174,2.0,2.0
unit_174,1.0,1.0
unit_174,1.0,1.0
unit_174,1.0,1.0
unit_174,1.0,1.0
unit_174,1.0,1.0
unit_176,1.0,1.0
unit_176,-1.0,-1.0
unit_176,-1.0,-1.0
unit_176,0.0,0.0
unit_176,-1.0,-1.0
unit_176,-1.0,-1.0
unit_176,-1.0,-1.0
unit_176,1.0,1.0
unit_176,1.0,1.0
unit_176,0.0,1.0
unit_176,1.0,1.0
unit_178,0.0,0.0
unit_178,1.0,2.0
unit_178,1.0,2.0
unit_178,0.0,1.0
unit_178,1.0,0.0
unit_178,1.0,1.0
unit_178,1.0,2.0
unit_178,1.0,2.0
unit_178,1.0,2.0
unit_178,0.0,-1.0
unit_178,0.0,1.0
unit_180,1.0,1.0
unit_180,1.0,1.0
unit_180,1.0,1.0
unit_180,2.0,0.0
unit_180,0.0,1.0
unit_180,1.0,1.0
unit_180,0.0,1.0
unit_180,0.0,0.0
unit_180,1.0,1.0
unit_180,1.0,1.0
unit_180,1.0,1.0
unit_182,1.0,2.0
unit_182,1.0,2.0
unit_182,2.0,1.0
unit_182,2.0,1.0
unit_182,2.0,0.0
unit_182,1.0,-1.0
unit_182,2.0,1.0
unit_182,1.0,0.0
unit_182,2.0,1.0
unit_182,2.0,1.0
unit_182,2.0,1.0
unit_184,2.0,0.0
unit_184,2.0,1.0
unit_184,1.0,1.0
unit_184,1.0,0.0
unit_184,1.0,1.0
unit_184,2.0,2.0
unit_184,1.0,0.0
unit_184,2.0,1.0
unit_184,1.0,2.0
unit_184,2.0,1.0
unit_184,2.0,2.0
unit_186,1.0,1.0
unit_186,-1.0,1.0
unit_186,-1.0,-1.0
unit_186,-1.0,1.0
unit_186,-1.0,-1.0
unit_186,-1.0,1.0
unit_186,-1.0,-1.0
unit_186,-1.0,-1.0
unit_186,-1.0,1.0
unit_186,-1.0,-1.0
unit_186,-1.0,1.0
unit_188,2.0,0.0
unit_188,1.0,1.0
unit_188,0.0,1.0
unit_188,2.0,0.0
unit_188,0.0,1.0
unit_188,0.0,1.0
unit_188,0.0,1.0
unit_188,0.0,1.0
unit_188,2.0,0.0
unit_188,2.0,2.0
unit_188,1.0,1.0
unit_190,1.0,1.0
unit_190,-1.0,-1.0
unit_190,1.0,1.0
unit_190,1.0,1.0
unit_190,-1.0,-1.0
unit_190,-2.0,-2.0
unit_190,-2.0,-2.0
unit_190,1.0,1.0
unit_190,1.0,1.0
unit_190,1.0,1.0
unit_190,1.0,1.0
unit_192,2.0,2.0
unit_192,-2.0,-2.0
unit_192,0.0,1.0
unit_192,2.0,2.0
unit_192,2.0,2.0
unit_192,2.0,2.0
unit_192,1.0,1.0
unit_192,2.0,2.0
unit_192,0.0,0.0
unit_192,-2.0,-2.0
unit_192,1.0,1.0
unit_194,-1.0,-1.0
unit_194,2.0,1.0
unit_194,1.0,1.0
unit_194,1.0,0.0
unit_194,1.0,1.0
unit_194,0.0,0.0
unit_194,0.0,0.0
unit_194,0.0,0.0
unit_194,0.0,0.0
unit_194,1.0,0.0
unit_194,0.0,0.0
unit_196,1.0,-1.0
unit_196,1.0,1.0
unit_196,0.0,0.0
unit_196,2.0,1.0
unit_196,0.0,0.0
unit_196,1.0,1.0
unit_196,1.0,1.0
unit_196,1.0,0.0
unit_196,0.0,0.0
unit_196,0.0,1.0
unit_196,1.0,1.0
unit_198,1.0,2.0
unit_198,2.0,1.0
unit_198,2.0,1.0
unit_198,1.0,1.0
unit_198,1.0,0.0
unit_198,2.0,1.0
unit_198,1.0,0.0
unit_198,2.0,1.0
unit_198,0.0,1.0
unit_198,1.0,0.0
unit_198,1.0,0.0
unit_2,1.0,1.0
unit_2,1.0,-1.0
unit_2,0.0,1.0
unit_2,-1.0,0.0
unit_2,-2.0,-2.0
unit_2,1.0,1.0
unit_2,-1.0,-1.0
unit_2,2.0,1.0
unit_2,-1.0,-1.0
unit_2,1.0,1.0
unit_2,0.0,1.0
unit_168,2.0,2.0
unit_168,2.0,2.0
unit_168,-2.0,-2.0
unit_168,0.0,0.0
unit_168,0.0,2.0
unit_168,-2.0,-2.0
unit_168,0.0,0.0
unit_168,0.0,1.0
unit_168,0.0,1.0
unit_168,0.0,0.0
unit_168,2.0,1.0
unit_156,1.0,1.0
unit_156,1.0,1.0
unit_156,1.0,1.0
unit_156,0.0,0.0
unit_156,0.0,1.0
unit_156,0.0,1.0
unit_156,0.0,0.0
unit_156,0.0,0.0
unit_156,0.0,0.0
unit_156,0.0,0.0
unit_156,0.0,0.0
